{
  "flags": {
    "flag": [
      {
        "key": "afghanistan",
        "value": "🇦🇫"
      },
      {
        "key": "land_island",
        "value": "🇦🇽"
      },
      {
        "key": "albania",
        "value": "🇦🇱"
      },
      {
        "key": "algeria",
        "value": "🇩🇿"
      },
      {
        "key": "american_samoa",
        "value": "🇦🇸"
      },
      {
        "key": "andorra",
        "value": "🇦🇩"
      },
      {
        "key": "angola",
        "value": "🇦🇴"
      },
      {
        "key": "anguilla",
        "value": "🇦🇮"
      },
      {
        "key": "antarctica",
        "value": "🇦🇶"
      },
      {
        "key": "antigua_and_barbuda",
        "value": "🇦🇬"
      },
      {
        "key": "argentina",
        "value": "🇦🇷"
      },
      {
        "key": "armenia",
        "value": "🇦🇲"
      },
      {
        "key": "aruba",
        "value": "🇦🇼"
      },
      {
        "key": "australia",
        "value": "🇦🇺"
      },
      {
        "key": "austria",
        "value": "🇦🇹"
      },
      {
        "key": "azerbaijan",
        "value": "🇦🇿"
      },
      {
        "key": "bahamas",
        "value": "🇧🇸"
      },
      {
        "key": "bahrain",
        "value": "🇧🇭"
      },
      {
        "key": "bangladesh",
        "value": "🇧🇩"
      },
      {
        "key": "barbados",
        "value": "🇧🇧"
      },
      {
        "key": "belarus",
        "value": "🇧🇾"
      },
      {
        "key": "belgium",
        "value": "🇧🇪"
      },
      {
        "key": "belize",
        "value": "🇧🇿"
      },
      {
        "key": "benin",
        "value": "🇧🇯"
      },
      {
        "key": "bermuda",
        "value": "🇧🇲"
      },
      {
        "key": "bhutan",
        "value": "🇧🇹"
      },
      {
        "key": "bolivia",
        "value": "🇧🇴"
      },
      {
        "key": "caribbean_netherlands",
        "value": "🇧🇶"
      },
      {
        "key": "bosnia_and_herzegovina",
        "value": "🇧🇦"
      },
      {
        "key": "botswana",
        "value": "🇧🇼"
      },
      {
        "key": "brazil",
        "value": "🇧🇷"
      },
      {
        "key": "british_indian_ocean_territory",
        "value": "🇮🇴"
      },
      {
        "key": "british_virgin_islands",
        "value": "🇻🇬"
      },
      {
        "key": "brunei",
        "value": "🇧🇳"
      },
      {
        "key": "bulgaria",
        "value": "🇧🇬"
      },
      {
        "key": "burkina_faso",
        "value": "🇧🇫"
      },
      {
        "key": "burundi",
        "value": "🇧🇮"
      },
      {
        "key": "cape_verde",
        "value": "🇨🇻"
      },
      {
        "key": "cambodia",
        "value": "🇰🇭"
      },
      {
        "key": "cameroon",
        "value": "🇨🇲"
      },
      {
        "key": "canada",
        "value": "🇨🇦"
      },
      {
        "key": "canary_islands",
        "value": "🇮🇨"
      },
      {
        "key": "cayman_islands",
        "value": "🇰🇾"
      },
      {
        "key": "central_african_republic",
        "value": "🇨🇫"
      },
      {
        "key": "chad",
        "value": "🇹🇩"
      },
      {
        "key": "chile",
        "value": "🇨🇱"
      },
      {
        "key": "china",
        "value": "🇨🇳"
      },
      {
        "key": "christmas_island",
        "value": "🇨🇽"
      },
      {
        "key": "cocos_keeling_island",
        "value": "🇨🇨"
      },
      {
        "key": "colombia",
        "value": "🇨🇴"
      },
      {
        "key": "comoros",
        "value": "🇰🇲"
      },
      {
        "key": "congo_brazzaville",
        "value": "🇨🇬"
      },
      {
        "key": "congo_kingshasa",
        "value": "🇨🇩"
      },
      {
        "key": "cook_islands",
        "value": "🇨🇰"
      },
      {
        "key": "costa_rica",
        "value": "🇨🇷"
      },
      {
        "key": "croatia",
        "value": "🇭🇷"
      },
      {
        "key": "cuba",
        "value": "🇨🇺"
      },
      {
        "key": "curaao",
        "value": "🇨🇼"
      },
      {
        "key": "cyprus",
        "value": "🇨🇾"
      },
      {
        "key": "czech_republic",
        "value": "🇨🇿"
      },
      {
        "key": "denmark",
        "value": "🇩🇰"
      },
      {
        "key": "djibouti",
        "value": "🇩🇯"
      },
      {
        "key": "dominica",
        "value": "🇩🇲"
      },
      {
        "key": "dominican_republic",
        "value": "🇩🇴"
      },
      {
        "key": "ecuador",
        "value": "🇪🇨"
      },
      {
        "key": "egypt",
        "value": "🇪🇬"
      },
      {
        "key": "el_salvador",
        "value": "🇸🇻"
      },
      {
        "key": "equatorial_guinea",
        "value": "🇬🇶"
      },
      {
        "key": "eritrea",
        "value": "🇪🇷"
      },
      {
        "key": "estonia",
        "value": "🇪🇪"
      },
      {
        "key": "ethiopia",
        "value": "🇪🇹"
      },
      {
        "key": "european_union",
        "value": "🇪🇺"
      },
      {
        "key": "falkland_islands",
        "value": "🇫🇰"
      },
      {
        "key": "faroe_islands",
        "value": "🇫🇴"
      },
      {
        "key": "fiji",
        "value": "🇫🇯"
      },
      {
        "key": "finland",
        "value": "🇫🇮"
      },
      {
        "key": "france",
        "value": "🇫🇷"
      },
      {
        "key": "french_guiana",
        "value": "🇬🇫"
      },
      {
        "key": "french_polynesia",
        "value": "🇵🇫"
      },
      {
        "key": "french_southern_territories",
        "value": "🇹🇫"
      },
      {
        "key": "gabon",
        "value": "🇬🇦"
      },
      {
        "key": "gambia",
        "value": "🇬🇲"
      },
      {
        "key": "georgia",
        "value": "🇬🇪"
      },
      {
        "key": "germany",
        "value": "🇩🇪"
      },
      {
        "key": "ghana",
        "value": "🇬🇭"
      },
      {
        "key": "gibraltar",
        "value": "🇬🇮"
      },
      {
        "key": "greece",
        "value": "🇬🇷"
      },
      {
        "key": "greenland",
        "value": "🇬🇱"
      },
      {
        "key": "grenada",
        "value": "🇬🇩"
      },
      {
        "key": "guadeloupe",
        "value": "🇬🇵"
      },
      {
        "key": "guam",
        "value": "🇬🇺"
      },
      {
        "key": "guatemala",
        "value": "🇬🇹"
      },
      {
        "key": "guernsey",
        "value": "🇬🇬"
      },
      {
        "key": "guinea",
        "value": "🇬🇳"
      },
      {
        "key": "guinea_bissau",
        "value": "🇬🇼"
      },
      {
        "key": "guyana",
        "value": "🇬🇾"
      },
      {
        "key": "haiti",
        "value": "🇭🇹"
      },
      {
        "key": "honduras",
        "value": "🇭🇳"
      },
      {
        "key": "hong_kong",
        "value": "🇭🇰"
      },
      {
        "key": "hungary",
        "value": "🇭🇺"
      },
      {
        "key": "iceland",
        "value": "🇮🇸"
      },
      {
        "key": "india",
        "value": "🇮🇳"
      },
      {
        "key": "indonesia",
        "value": "🇮🇩"
      },
      {
        "key": "iran",
        "value": "🇮🇷"
      },
      {
        "key": "iraq",
        "value": "🇮🇶"
      },
      {
        "key": "ireland",
        "value": "🇮🇪"
      },
      {
        "key": "isle_of_man",
        "value": "🇮🇲"
      },
      {
        "key": "israel",
        "value": "🇮🇱"
      },
      {
        "key": "italy",
        "value": "🇮🇹"
      },
      {
        "key": "ctedivoire",
        "value": "🇨🇮"
      },
      {
        "key": "jamaica",
        "value": "🇯🇲"
      },
      {
        "key": "japan",
        "value": "🇯🇵"
      },
      {
        "key": "jersey",
        "value": "🇯🇪"
      },
      {
        "key": "jordan",
        "value": "🇯🇴"
      },
      {
        "key": "kazakhstan",
        "value": "🇰🇿"
      },
      {
        "key": "kenya",
        "value": "🇰🇪"
      },
      {
        "key": "kiribati",
        "value": "🇰🇮"
      },
      {
        "key": "kosovo",
        "value": "🇽🇰"
      },
      {
        "key": "kuwait",
        "value": "🇰🇼"
      },
      {
        "key": "kyrgyzstan",
        "value": "🇰🇬"
      },
      {
        "key": "laos",
        "value": "🇱🇦"
      },
      {
        "key": "latvia",
        "value": "🇱🇻"
      },
      {
        "key": "lebanon",
        "value": "🇱🇧"
      },
      {
        "key": "lesotho",
        "value": "🇱🇸"
      },
      {
        "key": "liberia",
        "value": "🇱🇷"
      },
      {
        "key": "libya",
        "value": "🇱🇾"
      },
      {
        "key": "liechtenstein",
        "value": "🇱🇮"
      },
      {
        "key": "lithuania",
        "value": "🇱🇹"
      },
      {
        "key": "luxembourg",
        "value": "🇱🇺"
      },
      {
        "key": "macau",
        "value": "🇲🇴"
      },
      {
        "key": "macedonia",
        "value": "🇲🇰"
      },
      {
        "key": "madagascar",
        "value": "🇲🇬"
      },
      {
        "key": "malawi",
        "value": "🇲🇼"
      },
      {
        "key": "malaysia",
        "value": "🇲🇾"
      },
      {
        "key": "maldives",
        "value": "🇲🇻"
      },
      {
        "key": "mali",
        "value": "🇲🇱"
      },
      {
        "key": "malta",
        "value": "🇲🇹"
      },
      {
        "key": "marshall_islands",
        "value": "🇲🇭"
      },
      {
        "key": "martinique",
        "value": "🇲🇶"
      },
      {
        "key": "mauritania",
        "value": "🇲🇷"
      },
      {
        "key": "mauritius",
        "value": "🇲🇺"
      },
      {
        "key": "mayotte",
        "value": "🇾🇹"
      },
      {
        "key": "mexico",
        "value": "🇲🇽"
      },
      {
        "key": "micronesia",
        "value": "🇫🇲"
      },
      {
        "key": "moldova",
        "value": "🇲🇩"
      },
      {
        "key": "monaco",
        "value": "🇲🇨"
      },
      {
        "key": "mongolia",
        "value": "🇲🇳"
      },
      {
        "key": "montenegro",
        "value": "🇲🇪"
      },
      {
        "key": "montserrat",
        "value": "🇲🇸"
      },
      {
        "key": "morocco",
        "value": "🇲🇦"
      },
      {
        "key": "mozambique",
        "value": "🇲🇿"
      },
      {
        "key": "myanmar_burma",
        "value": "🇲🇲"
      },
      {
        "key": "namibia",
        "value": "🇳🇦"
      },
      {
        "key": "nauru",
        "value": "🇳🇷"
      },
      {
        "key": "nepal",
        "value": "🇳🇵"
      },
      {
        "key": "netherlands",
        "value": "🇳🇱"
      },
      {
        "key": "new_caledonia",
        "value": "🇳🇨"
      },
      {
        "key": "new_zealand",
        "value": "🇳🇿"
      },
      {
        "key": "nicaragua",
        "value": "🇳🇮"
      },
      {
        "key": "niger",
        "value": "🇳🇪"
      },
      {
        "key": "nigeria",
        "value": "🇳🇬"
      },
      {
        "key": "niue",
        "value": "🇳🇺"
      },
      {
        "key": "norfolk_island",
        "value": "🇳🇫"
      },
      {
        "key": "northern_mariana_islands",
        "value": "🇲🇵"
      },
      {
        "key": "north_korea",
        "value": "🇰🇵"
      },
      {
        "key": "norway",
        "value": "🇳🇴"
      },
      {
        "key": "oman",
        "value": "🇴🇲"
      },
      {
        "key": "pakistan",
        "value": "🇵🇰"
      },
      {
        "key": "palau",
        "value": "🇵🇼"
      },
      {
        "key": "palestinian_territories",
        "value": "🇵🇸"
      },
      {
        "key": "panama",
        "value": "🇵🇦"
      },
      {
        "key": "papua_new_guinea",
        "value": "🇵🇬"
      },
      {
        "key": "paraguay",
        "value": "🇵🇾"
      },
      {
        "key": "peru",
        "value": "🇵🇪"
      },
      {
        "key": "philippines",
        "value": "🇵🇭"
      },
      {
        "key": "pitcairn_islands",
        "value": "🇵🇳"
      },
      {
        "key": "poland",
        "value": "🇵🇱"
      },
      {
        "key": "portugal",
        "value": "🇵🇹"
      },
      {
        "key": "puerto_rico",
        "value": "🇵🇷"
      },
      {
        "key": "qatar",
        "value": "🇶🇦"
      },
      {
        "key": "reunion",
        "value": "🇷🇪"
      },
      {
        "key": "romania",
        "value": "🇷🇴"
      },
      {
        "key": "russia",
        "value": "🇷🇺"
      },
      {
        "key": "rwanda",
        "value": "🇷🇼"
      },
      {
        "key": "saint_barthlemy",
        "value": "🇧🇱"
      },
      {
        "key": "saint_helena",
        "value": "🇸🇭"
      },
      {
        "key": "saint_kitts_and_nevis",
        "value": "🇰🇳"
      },
      {
        "key": "saint_lucia",
        "value": "🇱🇨"
      },
      {
        "key": "saint_pierre_and_miquelon",
        "value": "🇵🇲"
      },
      {
        "key": "st_vincent_grenadines",
        "value": "🇻🇨"
      },
      {
        "key": "samoa",
        "value": "🇼🇸"
      },
      {
        "key": "san_marino",
        "value": "🇸🇲"
      },
      {
        "key": "sotom_and_prncipe",
        "value": "🇸🇹"
      },
      {
        "key": "saudi_arabia",
        "value": "🇸🇦"
      },
      {
        "key": "senegal",
        "value": "🇸🇳"
      },
      {
        "key": "serbia",
        "value": "🇷🇸"
      },
      {
        "key": "seychelles",
        "value": "🇸🇨"
      },
      {
        "key": "sierra_leone",
        "value": "🇸🇱"
      },
      {
        "key": "singapore",
        "value": "🇸🇬"
      },
      {
        "key": "sint_maarten",
        "value": "🇸🇽"
      },
      {
        "key": "slovakia",
        "value": "🇸🇰"
      },
      {
        "key": "slovenia",
        "value": "🇸🇮"
      },
      {
        "key": "solomon_islands",
        "value": "🇸🇧"
      },
      {
        "key": "somalia",
        "value": "🇸🇴"
      },
      {
        "key": "south_africa",
        "value": "🇿🇦"
      },
      {
        "key": "south_georgia_south_sandwich_islands",
        "value": "🇬🇸"
      },
      {
        "key": "south_korea",
        "value": "🇰🇷"
      },
      {
        "key": "south_sudan",
        "value": "🇸🇸"
      },
      {
        "key": "spain",
        "value": "🇪🇸"
      },
      {
        "key": "sri_lanka",
        "value": "🇱🇰"
      },
      {
        "key": "sudan",
        "value": "🇸🇩"
      },
      {
        "key": "suriname",
        "value": "🇸🇷"
      },
      {
        "key": "swaziland",
        "value": "🇸🇿"
      },
      {
        "key": "sweden",
        "value": "🇸🇪"
      },
      {
        "key": "switzerland",
        "value": "🇨🇭"
      },
      {
        "key": "syria",
        "value": "🇸🇾"
      },
      {
        "key": "taiwan",
        "value": "🇹🇼"
      },
      {
        "key": "tajikistan",
        "value": "🇹🇯"
      },
      {
        "key": "tanzania",
        "value": "🇹🇿"
      },
      {
        "key": "thailand",
        "value": "🇹🇭"
      },
      {
        "key": "timorleste",
        "value": "🇹🇱"
      },
      {
        "key": "togo",
        "value": "🇹🇬"
      },
      {
        "key": "tokelau",
        "value": "🇹🇰"
      },
      {
        "key": "tonga",
        "value": "🇹🇴"
      },
      {
        "key": "trinidad_and_tobago",
        "value": "🇹🇹"
      },
      {
        "key": "tunisia",
        "value": "🇹🇳"
      },
      {
        "key": "turkey",
        "value": "🇹🇷"
      },
      {
        "key": "turkmenistan",
        "value": "🇹🇲"
      },
      {
        "key": "turks_and_caicos_islands",
        "value": "🇹🇨"
      },
      {
        "key": "tuvalu",
        "value": "🇹🇻"
      },
      {
        "key": "uganda",
        "value": "🇺🇬"
      },
      {
        "key": "ukraine",
        "value": "🇺🇦"
      },
      {
        "key": "united_arab_emirates",
        "value": "🇦🇪"
      },
      {
        "key": "united_kingdom",
        "value": "🇬🇧"
      },
      {
        "key": "united_states",
        "value": "🇺🇸"
      },
      {
        "key": "us_virgin_islands",
        "value": "🇻🇮"
      },
      {
        "key": "uruguay",
        "value": "🇺🇾"
      },
      {
        "key": "uzbekistan",
        "value": "🇺🇿"
      },
      {
        "key": "vanuatu",
        "value": "🇻🇺"
      },
      {
        "key": "vatican_city",
        "value": "🇻🇦"
      },
      {
        "key": "venezuela",
        "value": "🇻🇪"
      },
      {
        "key": "vietnam",
        "value": "🇻🇳"
      },
      {
        "key": "wallis_and_futuna",
        "value": "🇼🇫"
      },
      {
        "key": "western_sahara",
        "value": "🇪🇭"
      },
      {
        "key": "yemen",
        "value": "🇾🇪"
      },
      {
        "key": "zambia",
        "value": "🇿🇲"
      },
      {
        "key": "zimbabwe",
        "value": "🇿🇼"
      },
      {
        "key": "england",
        "value": "🇽🇪"
      }
    ]
  }
}