{
  "foods": {
    "food": [
      {
        "key": "green_apple",
        "value": "🍏"
      },
      {
        "key": "red_apple",
        "value": "🍎"
      },
      {
        "key": "pear",
        "value": "🍐"
      },
      {
        "key": "tangerine",
        "value": "🍊"
      },
      {
        "key": "lemon",
        "value": "🍋"
      },
      {
        "key": "banana",
        "value": "🍌"
      },
      {
        "key": "watermelon",
        "value": "🍉"
      },
      {
        "key": "grapes",
        "value": "🍇"
      },
      {
        "key": "strawberry",
        "value": "🍓"
      },
      {
        "key": "melon",
        "value": "🍈"
      },
      {
        "key": "cherry",
        "value": "🍒"
      },
      {
        "key": "peach",
        "value": "🍑"
      },
      {
        "key": "pineapple",
        "value": "🍍"
      },
      {
        "key": "tomato",
        "value": "🍅"
      },
      {
        "key": "egg_plant",
        "value": "🍆"
      },
      {
        "key": "hot_pepper",
        "value": "🌶"
      },
      {
        "key": "ear_of_maize",
        "value": "🌽"
      },
      {
        "key": "roasted_sweet_potato",
        "value": "🍠"
      },
      {
        "key": "honey_pot",
        "value": "🍯"
      },
      {
        "key": "bread",
        "value": "🍞"
      },
      {
        "key": "cheese",
        "value": "🧀"
      },
      {
        "key": "poultry_leg",
        "value": "🍗"
      },
      {
        "key": "meat_on_bone",
        "value": "🍖"
      },
      {
        "key": "fried_shrimp",
        "value": "🍤"
      },
      {
        "key": "cooking",
        "value": "🍳"
      },
      {
        "key": "hamburger",
        "value": "🍔"
      },
      {
        "key": "french_fries",
        "value": "🍟"
      },
      {
        "key": "hot_dog",
        "value": "🌭"
      },
      {
        "key": "slice_of_pizza",
        "value": "🍕"
      },
      {
        "key": "spaghetti",
        "value": "🍝"
      },
      {
        "key": "taco",
        "value": "🌮"
      },
      {
        "key": "burrito",
        "value": "🌯"
      },
      {
        "key": "steaming_bowl",
        "value": "🍜"
      },
      {
        "key": "pot_of_food",
        "value": "🍲"
      },
      {
        "key": "fish_cake",
        "value": "🍥"
      },
      {
        "key": "sushi",
        "value": "🍣"
      },
      {
        "key": "bento_box",
        "value": "🍱"
      },
      {
        "key": "curry_and_rice",
        "value": "🍛"
      },
      {
        "key": "rice_ball",
        "value": "🍙"
      },
      {
        "key": "cooked_rice",
        "value": "🍚"
      },
      {
        "key": "rice_cracker",
        "value": "🍘"
      },
      {
        "key": "oden",
        "value": "🍢"
      },
      {
        "key": "dango",
        "value": "🍡"
      },
      {
        "key": "shaved_ice",
        "value": "🍧"
      },
      {
        "key": "ice_cream",
        "value": "🍨"
      },
      {
        "key": "soft_ice_cream",
        "value": "🍦"
      },
      {
        "key": "short_cake",
        "value": "🍰"
      },
      {
        "key": "birthday_cake",
        "value": "🎂"
      },
      {
        "key": "custard",
        "value": "🍮"
      },
      {
        "key": "candy",
        "value": "🍬"
      },
      {
        "key": "lollipop",
        "value": "🍭"
      },
      {
        "key": "chocolate_bar",
        "value": "🍫"
      },
      {
        "key": "popcorn",
        "value": "🍿"
      },
      {
        "key": "doughnut",
        "value": "🍩"
      },
      {
        "key": "cookie",
        "value": "🍪"
      },
      {
        "key": "bear_mug",
        "value": "🍺"
      },
      {
        "key": "clinking_beer_mugs",
        "value": "🍻"
      },
      {
        "key": "wine_glass",
        "value": "🍷"
      },
      {
        "key": "cocktail_glass",
        "value": "🍸"
      },
      {
        "key": "tropical_drink",
        "value": "🍹"
      },
      {
        "key": "bottle_with_popping_cork",
        "value": "🍾"
      },
      {
        "key": "sake_bottle_and_cup",
        "value": "🍶"
      },
      {
        "key": "tea_cup_without_handle",
        "value": "🍵"
      },
      {
        "key": "hot_beverage",
        "value": "☕"
      },
      {
        "key": "baby_bottle",
        "value": "🍼"
      },
      {
        "key": "fork_and_knife",
        "value": "🍴"
      },
      {
        "key": "fork_and_knife_with_plate",
        "value": "🍽"
      }
    ]
  }
}