{
  "natures": {
    "nature": [
      {
        "key": "dog_face",
        "value": "🐶"
      },
      {
        "key": "cat_face",
        "value": "🐱"
      },
      {
        "key": "mouse_face",
        "value": "🐭"
      },
      {
        "key": "hamster_face",
        "value": "🐹"
      },
      {
        "key": "rabbit_face",
        "value": "🐰"
      },
      {
        "key": "bear_face",
        "value": "🐻"
      },
      {
        "key": "panda_face",
        "value": "🐼"
      },
      {
        "key": "koala_face",
        "value": "🐨"
      },
      {
        "key": "lion_face",
        "value": "🦁"
      },
      {
        "key": "cow_face",
        "value": "🐮"
      },
      {
        "key": "pig_face",
        "value": "🐷"
      },
      {
        "key": "pig_nose",
        "value": "🐽"
      },
      {
        "key": "frog_face",
        "value": "🐸"
      },
      {
        "key": "octopus",
        "value": "🐙"
      },
      {
        "key": "monkey_face",
        "value": "🐵"
      },
      {
        "key": "tiger_face",
        "value": "🐯"
      },
      {
        "key": "see_no_evil_monkey",
        "value": "🙈"
      },
      {
        "key": "hear_no_evil_monkey",
        "value": "🙉"
      },
      {
        "key": "speak_no_evil_monkey",
        "value": "🙊"
      },
      {
        "key": "monkey",
        "value": "🐒"
      },
      {
        "key": "chicken",
        "value": "🐔"
      },
      {
        "key": "penguin",
        "value": "🐧"
      },
      {
        "key": "bird",
        "value": "🐦"
      },
      {
        "key": "baby_chick",
        "value": "🐤"
      },
      {
        "key": "hatching_chick",
        "value": "🐣"
      },
      {
        "key": "front_face_chick",
        "value": "🐥"
      },
      {
        "key": "wolf_face",
        "value": "🐺"
      },
      {
        "key": "boar",
        "value": "🐗"
      },
      {
        "key": "horse_face",
        "value": "🐴"
      },
      {
        "key": "unicorn_face",
        "value": "🦄"
      },
      {
        "key": "honey_bee",
        "value": "🐝"
      },
      {
        "key": "bug",
        "value": "🐛"
      },
      {
        "key": "snail",
        "value": "🐌"
      },
      {
        "key": "lady_beetle",
        "value": "🐞"
      },
      {
        "key": "ant",
        "value": "🐜"
      },
      {
        "key": "spider",
        "value": "🕷"
      },
      {
        "key": "scorpion",
        "value": "🦂"
      },
      {
        "key": "crab",
        "value": "🦀"
      },
      {
        "key": "snake",
        "value": "🐍"
      },
      {
        "key": "turtle",
        "value": "🐢"
      },
      {
        "key": "tropical_fish",
        "value": "🐠"
      },
      {
        "key": "fish",
        "value": "🐟"
      },
      {
        "key": "blow_fish",
        "value": "🐡"
      },
      {
        "key": "dolphin",
        "value": "🐬"
      },
      {
        "key": "spouting_whale",
        "value": "🐳"
      },
      {
        "key": "whale",
        "value": "🐋"
      },
      {
        "key": "crocodile",
        "value": "🐊"
      },
      {
        "key": "leopard",
        "value": "🐆"
      },
      {
        "key": "tiger",
        "value": "🐅"
      },
      {
        "key": "water_buffalo",
        "value": "🐃"
      },
      {
        "key": "ox",
        "value": "🐂"
      },
      {
        "key": "cow",
        "value": "🐄"
      },
      {
        "key": "dromedary_camel",
        "value": "🐪"
      },
      {
        "key": "bactrian_camel",
        "value": "🐫"
      },
      {
        "key": "elephant",
        "value": "🐘"
      },
      {
        "key": "goat",
        "value": "🐐"
      },
      {
        "key": "ram",
        "value": "🐏"
      },
      {
        "key": "sheep",
        "value": "🐑"
      },
      {
        "key": "horse",
        "value": "🐎"
      },
      {
        "key": "pig",
        "value": "🐖"
      },
      {
        "key": "rat",
        "value": "🐀"
      },
      {
        "key": "mouse",
        "value": "🐁"
      },
      {
        "key": "rooster",
        "value": "🐓"
      },
      {
        "key": "turkey",
        "value": "🦃"
      },
      {
        "key": "dove",
        "value": "🕊"
      },
      {
        "key": "dog",
        "value": "🐕"
      },
      {
        "key": "poodle",
        "value": "🐩"
      },
      {
        "key": "cat",
        "value": "🐈"
      },
      {
        "key": "rabbit",
        "value": "🐇"
      },
      {
        "key": "chipmunk",
        "value": "🐿"
      },
      {
        "key": "paw_prints",
        "value": "🐾"
      },
      {
        "key": "dragon",
        "value": "🐉"
      },
      {
        "key": "dragon_face",
        "value": "🐲"
      },
      {
        "key": "cactus",
        "value": "🌵"
      },
      {
        "key": "christmas_tree",
        "value": "🎄"
      },
      {
        "key": "ever_green_tree",
        "value": "🌲"
      },
      {
        "key": "deciduous_tree",
        "value": "🌳"
      },
      {
        "key": "palm_tree",
        "value": "🌴"
      },
      {
        "key": "seedling",
        "value": "🌱"
      },
      {
        "key": "herb",
        "value": "🌿"
      },
      {
        "key": "shamrock",
        "value": "☘"
      },
      {
        "key": "four_leaf",
        "value": "🍀"
      },
      {
        "key": "pine_decoration",
        "value": "🎍"
      },
      {
        "key": "tanabata_tree",
        "value": "🎋"
      },
      {
        "key": "leaf_wind",
        "value": "🍃"
      },
      {
        "key": "fallen_leaf",
        "value": "🍂"
      },
      {
        "key": "maple_leaf",
        "value": "🍁"
      },
      {
        "key": "ear_of_rice",
        "value": "🌾"
      },
      {
        "key": "hibiscus",
        "value": "🌺"
      },
      {
        "key": "sunflower",
        "value": "🌻"
      },
      {
        "key": "rose",
        "value": "🌹"
      },
      {
        "key": "tulip",
        "value": "🌷"
      },
      {
        "key": "blossom",
        "value": "🌼"
      },
      {
        "key": "cherry_blossom",
        "value": "🌸"
      },
      {
        "key": "bouquet",
        "value": "💐"
      },
      {
        "key": "mushroom",
        "value": "🍄"
      },
      {
        "key": "chestnut",
        "value": "🌰"
      },
      {
        "key": "jack_o_lantern",
        "value": "🎃"
      },
      {
        "key": "spiral_shell",
        "value": "🐚"
      },
      {
        "key": "spider_web",
        "value": "🕸"
      },
      {
        "key": "earth_america",
        "value": "🌎"
      },
      {
        "key": "earth_europe",
        "value": "🌍"
      },
      {
        "key": "earth_australia",
        "value": "🌏"
      },
      {
        "key": "full_moon",
        "value": "🌕"
      },
      {
        "key": "waning_gibbous_moon",
        "value": "🌖"
      },
      {
        "key": "last_quarter_moon",
        "value": "🌗"
      },
      {
        "key": "waning_crescent_moon",
        "value": "🌘"
      },
      {
        "key": "new_moon_symbol",
        "value": "🌑"
      },
      {
        "key": "waxing_crescent_moon",
        "value": "🌒"
      },
      {
        "key": "first_quarter_moon",
        "value": "🌓"
      },
      {
        "key": "waxing_gibbous_moon",
        "value": "🌔"
      },
      {
        "key": "new_moon_with_face",
        "value": "🌚"
      },
      {
        "key": "full_moon_face",
        "value": "🌝"
      },
      {
        "key": "first_quarter_moon_face",
        "value": "🌛"
      },
      {
        "key": "last_quarter_moon_face",
        "value": "🌜"
      },
      {
        "key": "sun_face",
        "value": "🌞"
      },
      {
        "key": "crescent_moon",
        "value": "🌙"
      },
      {
        "key": "white_star",
        "value": "⭐"
      },
      {
        "key": "glowing_star",
        "value": "🌟"
      },
      {
        "key": "dizzy_symbol",
        "value": "💫"
      },
      {
        "key": "sparkles",
        "value": "✨"
      },
      {
        "key": "comet",
        "value": "☄"
      },
      {
        "key": "black_sun_with_rays",
        "value": "☀"
      },
      {
        "key": "white_sun_small_cloud",
        "value": "🌤"
      },
      {
        "key": "sun_behind_cloud",
        "value": "⛅"
      },
      {
        "key": "white_sun_behind_cloud",
        "value": "🌥"
      },
      {
        "key": "white_sun_behind_cloud_rain",
        "value": "🌦"
      },
      {
        "key": "cloud",
        "value": "☁"
      },
      {
        "key": "cloud_with_rain",
        "value": "🌧"
      },
      {
        "key": "thunder_cloud_rain",
        "value": "⛈"
      },
      {
        "key": "cloud_lightening",
        "value": "🌩"
      },
      {
        "key": "high_voltage",
        "value": "⚡"
      },
      {
        "key": "fire",
        "value": "🔥"
      },
      {
        "key": "collision",
        "value": "💥"
      },
      {
        "key": "snow_flake",
        "value": "❄"
      },
      {
        "key": "cloud_with_snow",
        "value": "🌨"
      },
      {
        "key": "snowman",
        "value": "☃"
      },
      {
        "key": "snowman_without_snow",
        "value": "⛄"
      },
      {
        "key": "wind_blowing_face",
        "value": "🌬"
      },
      {
        "key": "dash_symbol",
        "value": "💨"
      },
      {
        "key": "cloud_with_tornado",
        "value": "🌪"
      },
      {
        "key": "fog",
        "value": "🌫"
      },
      {
        "key": "umbrella",
        "value": "☂"
      },
      {
        "key": "umbrella_with_rain_drops",
        "value": "☔"
      },
      {
        "key": "droplet",
        "value": "💧"
      },
      {
        "key": "splashing_sweat",
        "value": "💦"
      },
      {
        "key": "water_wave",
        "value": "🌊"
      }
    ]
  }
}