{
  "objects": {
    "object": [
      {
        "key": "watch",
        "value": "⌚"
      },
      {
        "key": "mobile_phone",
        "value": "📱"
      },
      {
        "key": "mobile_phone_with_right_arrow",
        "value": "📲"
      },
      {
        "key": "personal_computer",
        "value": "💻"
      },
      {
        "key": "keyboard",
        "value": "⌨"
      },
      {
        "key": "desktop_computer",
        "value": "🖥"
      },
      {
        "key": "printer",
        "value": "🖨"
      },
      {
        "key": "three_button_mouse",
        "value": "🖱"
      },
      {
        "key": "track_ball",
        "value": "🖲"
      },
      {
        "key": "joystick",
        "value": "🕹"
      },
      {
        "key": "compression",
        "value": "🗜"
      },
      {
        "key": "mini_disc",
        "value": "💽"
      },
      {
        "key": "floppy_disk",
        "value": "💾"
      },
      {
        "key": "optical_disc",
        "value": "💿"
      },
      {
        "key": "dvd",
        "value": "📀"
      },
      {
        "key": "video_cassette",
        "value": "📼"
      },
      {
        "key": "camera",
        "value": "📷"
      },
      {
        "key": "camera_with_flash",
        "value": "📸"
      },
      {
        "key": "video_camera",
        "value": "📹"
      },
      {
        "key": "movie_camera",
        "value": "🎥"
      },
      {
        "key": "film_projector",
        "value": "📽"
      },
      {
        "key": "film_frames",
        "value": "🎞"
      },
      {
        "key": "telephone_receiver",
        "value": "📞"
      },
      {
        "key": "black_telephone",
        "value": "☎"
      },
      {
        "key": "pager",
        "value": "📟"
      },
      {
        "key": "fax_machine",
        "value": "📠"
      },
      {
        "key": "television",
        "value": "📺"
      },
      {
        "key": "radio",
        "value": "📻"
      },
      {
        "key": "studio_microphone",
        "value": "🎙"
      },
      {
        "key": "level_slider",
        "value": "🎚"
      },
      {
        "key": "control_knobs",
        "value": "🎛"
      },
      {
        "key": "stop_watch",
        "value": "⏱"
      },
      {
        "key": "timer_clock",
        "value": "⏲"
      },
      {
        "key": "alarm_clock",
        "value": "⏰"
      },
      {
        "key": "mantel_piece_clock",
        "value": "🕰"
      },
      {
        "key": "hour_glass_with_flowing_stand",
        "value": "⏳"
      },
      {
        "key": "hour_glass",
        "value": "⌛"
      },
      {
        "key": "satellite_antenna",
        "value": "📡"
      },
      {
        "key": "battery",
        "value": "🔋"
      },
      {
        "key": "electric_plug",
        "value": "🔌"
      },
      {
        "key": "electric_light_bulb",
        "value": "💡"
      },
      {
        "key": "electric_torch",
        "value": "🔦"
      },
      {
        "key": "candle",
        "value": "🕯"
      },
      {
        "key": "waste_basket",
        "value": "🗑"
      },
      {
        "key": "oil_drum",
        "value": "🛢"
      },
      {
        "key": "money_with_wings",
        "value": "💸"
      },
      {
        "key": "bank_note_with_dollar_sign",
        "value": "💵"
      },
      {
        "key": "bank_note_with_yen_sign",
        "value": "💴"
      },
      {
        "key": "bank_note_with_euro_sign",
        "value": "💶"
      },
      {
        "key": "bank_note_with_pounds_sign",
        "value": "💷"
      },
      {
        "key": "money_bag",
        "value": "💰"
      },
      {
        "key": "credit_card",
        "value": "💳"
      },
      {
        "key": "gem_stone",
        "value": "💎"
      },
      {
        "key": "scales",
        "value": "⚖"
      },
      {
        "key": "wrench",
        "value": "🔧"
      },
      {
        "key": "hammer",
        "value": "🔨"
      },
      {
        "key": "hammer_and_pick",
        "value": "⚒"
      },
      {
        "key": "hammer_and_wrench",
        "value": "🛠"
      },
      {
        "key": "pick",
        "value": "⛏"
      },
      {
        "key": "nut_and_bolt",
        "value": "🔩"
      },
      {
        "key": "gear",
        "value": "⚙"
      },
      {
        "key": "chains",
        "value": "⛓"
      },
      {
        "key": "pistol",
        "value": "🔫"
      },
      {
        "key": "bomb",
        "value": "💣"
      },
      {
        "key": "hocho",
        "value": "🔪"
      },
      {
        "key": "dagger_knife",
        "value": "🗡"
      },
      {
        "key": "crossed_words",
        "value": "⚔"
      },
      {
        "key": "shield",
        "value": "🛡"
      },
      {
        "key": "smoking_symbol",
        "value": "🚬"
      },
      {
        "key": "skull_and_cross_bones",
        "value": "☠"
      },
      {
        "key": "coffin",
        "value": "⚰"
      },
      {
        "key": "funeral_urn",
        "value": "⚱"
      },
      {
        "key": "amphora",
        "value": "🏺"
      },
      {
        "key": "crystal_ball",
        "value": "🔮"
      },
      {
        "key": "prayer_beads",
        "value": "📿"
      },
      {
        "key": "barber_pole",
        "value": "💈"
      },
      {
        "key": "alembic",
        "value": "⚗"
      },
      {
        "key": "telescope",
        "value": "🔭"
      },
      {
        "key": "microscope",
        "value": "🔬"
      },
      {
        "key": "hole",
        "value": "🕳"
      },
      {
        "key": "pill",
        "value": "💊"
      },
      {
        "key": "syringe",
        "value": "💉"
      },
      {
        "key": "thermometer",
        "value": "🌡"
      },
      {
        "key": "label",
        "value": "🏷"
      },
      {
        "key": "bookmark",
        "value": "🔖"
      },
      {
        "key": "toilet",
        "value": "🚽"
      },
      {
        "key": "shower",
        "value": "🚿"
      },
      {
        "key": "bath_tub",
        "value": "🛁"
      },
      {
        "key": "key",
        "value": "🔑"
      },
      {
        "key": "old_key",
        "value": "🗝"
      },
      {
        "key": "couch_and_lamp",
        "value": "🛋"
      },
      {
        "key": "sleeping_accommodation",
        "value": "🛌"
      },
      {
        "key": "bed",
        "value": "🛏"
      },
      {
        "key": "door",
        "value": "🚪"
      },
      {
        "key": "bell_hop_bell",
        "value": "🛎"
      },
      {
        "key": "frame_with_picture",
        "value": "🖼"
      },
      {
        "key": "world_map",
        "value": "🗺"
      },
      {
        "key": "umbrella_on_ground",
        "value": "⛱"
      },
      {
        "key": "moyai",
        "value": "🗿"
      },
      {
        "key": "shopping_bags",
        "value": "🛍"
      },
      {
        "key": "balloon",
        "value": "🎈"
      },
      {
        "key": "carp_streamer",
        "value": "🎏"
      },
      {
        "key": "ribbon",
        "value": "🎀"
      },
      {
        "key": "wrapped_present",
        "value": "🎁"
      },
      {
        "key": "confetti_ball",
        "value": "🎊"
      },
      {
        "key": "party_popper",
        "value": "🎉"
      },
      {
        "key": "japanese_dolls",
        "value": "🎎"
      },
      {
        "key": "wind_chime",
        "value": "🎐"
      },
      {
        "key": "crossed_flags",
        "value": "🎌"
      },
      {
        "key": "izakaya_lantern",
        "value": "🏮"
      },
      {
        "key": "envelope",
        "value": "✉"
      },
      {
        "key": "envelope_with_down_arrow",
        "value": "📩"
      },
      {
        "key": "incoming_envelope",
        "value": "📨"
      },
      {
        "key": "email_symbol",
        "value": "📧"
      },
      {
        "key": "love_letter",
        "value": "💌"
      },
      {
        "key": "post_box",
        "value": "📮"
      },
      {
        "key": "closed_mail_box_with_lowered_flag",
        "value": "📪"
      },
      {
        "key": "closed_mail_box_with_raised_flag",
        "value": "📫"
      },
      {
        "key": "open_mail_box_with_raised_flag",
        "value": "📬"
      },
      {
        "key": "open_mail_box_with_lowered_flag",
        "value": "📭"
      },
      {
        "key": "package",
        "value": "📦"
      },
      {
        "key": "postal_horn",
        "value": "📯"
      },
      {
        "key": "inbox_tray",
        "value": "📥"
      },
      {
        "key": "outbox_tray",
        "value": "📤"
      },
      {
        "key": "scroll",
        "value": "📜"
      },
      {
        "key": "page_with_curl",
        "value": "📃"
      },
      {
        "key": "bookmark_tabs",
        "value": "📑"
      },
      {
        "key": "bar_chart",
        "value": "📊"
      },
      {
        "key": "chart_with_upwards_trend",
        "value": "📈"
      },
      {
        "key": "chart_with_downwards_trend",
        "value": "📉"
      },
      {
        "key": "page_facing_up",
        "value": "📄"
      },
      {
        "key": "calender",
        "value": "📅"
      },
      {
        "key": "tear_off_calendar",
        "value": "📆"
      },
      {
        "key": "spiral_calendar_pad",
        "value": "🗓"
      },
      {
        "key": "card_index",
        "value": "📇"
      },
      {
        "key": "card_file_box",
        "value": "🗃"
      },
      {
        "key": "ballot_box_with_ballot",
        "value": "🗳"
      },
      {
        "key": "file_cabinet",
        "value": "🗄"
      },
      {
        "key": "clip_board",
        "value": "📋"
      },
      {
        "key": "spiral_notepad",
        "value": "🗒"
      },
      {
        "key": "file_folder",
        "value": "📁"
      },
      {
        "key": "open_file_folder",
        "value": "📂"
      },
      {
        "key": "card_index_dividers",
        "value": "🗂"
      },
      {
        "key": "rolled_up_newspaper",
        "value": "🗞"
      },
      {
        "key": "newspaper",
        "value": "📰"
      },
      {
        "key": "notebook",
        "value": "📓"
      },
      {
        "key": "closed_book",
        "value": "📕"
      },
      {
        "key": "green_book",
        "value": "📗"
      },
      {
        "key": "blue_book",
        "value": "📘"
      },
      {
        "key": "orange_book",
        "value": "📙"
      },
      {
        "key": "notebook_with_decorative_cover",
        "value": "📔"
      },
      {
        "key": "ledger",
        "value": "📒"
      },
      {
        "key": "books",
        "value": "📚"
      },
      {
        "key": "open_book",
        "value": "📖"
      },
      {
        "key": "link_symbol",
        "value": "🔗"
      },
      {
        "key": "paper_clip",
        "value": "📎"
      },
      {
        "key": "linked_paper_clips",
        "value": "🖇"
      },
      {
        "key": "black_scissors",
        "value": "✂"
      },
      {
        "key": "triangular_ruler",
        "value": "📐"
      },
      {
        "key": "straight_ruler",
        "value": "📏"
      },
      {
        "key": "pushpin",
        "value": "📌"
      },
      {
        "key": "round_pushpin",
        "value": "📍"
      },
      {
        "key": "triangular_flag_post",
        "value": "🚩"
      },
      {
        "key": "waving_white_flag",
        "value": "🏳"
      },
      {
        "key": "waving_black_flag",
        "value": "🏴"
      },
      {
        "key": "closed_lock_with_key",
        "value": "🔐"
      },
      {
        "key": "lock",
        "value": "🔒"
      },
      {
        "key": "open_lock",
        "value": "🔓"
      },
      {
        "key": "lock_with_ink_pen",
        "value": "🔏"
      },
      {
        "key": "lower_left_ball_point_pen",
        "value": "🖊"
      },
      {
        "key": "lower_left_fountain_pen",
        "value": "🖋"
      },
      {
        "key": "black_nib",
        "value": "✒"
      },
      {
        "key": "memo",
        "value": "📝"
      },
      {
        "key": "pencil",
        "value": "✏"
      },
      {
        "key": "lower_left_crayon",
        "value": "🖍"
      },
      {
        "key": "lower_left_paint_brush",
        "value": "🖌"
      },
      {
        "key": "left_pointing_magnifying_glass",
        "value": "🔍"
      },
      {
        "key": "right_pointing_magnifying_glass",
        "value": "🔎"
      }
    ]
  }
}