{
  "symbols": {
    "symbol": [
      {
        "key": "heavy_black_heart",
        "value": "❤"
      },
      {
        "key": "yellow_heart",
        "value": "💛"
      },
      {
        "key": "green_heart",
        "value": "💚"
      },
      {
        "key": "blue_heart",
        "value": "💙"
      },
      {
        "key": "purple_heart",
        "value": "💜"
      },
      {
        "key": "broken_heart",
        "value": "💔"
      },
      {
        "key": "heavy_heart_exclamation_mark_ornament",
        "value": "❣"
      },
      {
        "key": "two_hearts",
        "value": "💕"
      },
      {
        "key": "revolving_hearts",
        "value": "💞"
      },
      {
        "key": "beating_heart",
        "value": "💓"
      },
      {
        "key": "growing_heart",
        "value": "💗"
      },
      {
        "key": "sparkling_heart",
        "value": "💖"
      },
      {
        "key": "heart_with_arrow",
        "value": "💘"
      },
      {
        "key": "heart_with_ribbon",
        "value": "💝"
      },
      {
        "key": "heart_decoration",
        "value": "💟"
      },
      {
        "key": "peace_symbol",
        "value": "☮"
      },
      {
        "key": "latin_cross",
        "value": "✝"
      },
      {
        "key": "star_and_crescent",
        "value": "☪"
      },
      {
        "key": "om_symbol",
        "value": "🕉"
      },
      {
        "key": "wheel_of_dharma",
        "value": "☸"
      },
      {
        "key": "star_of_david",
        "value": "✡"
      },
      {
        "key": "six_pointed_star_with_middle_dot",
        "value": "🔯"
      },
      {
        "key": "menorah_with_nine_branches",
        "value": "🕎"
      },
      {
        "key": "yin_yang",
        "value": "☯"
      },
      {
        "key": "orthodox_cross",
        "value": "☦"
      },
      {
        "key": "place_of_worship",
        "value": "🛐"
      },
      {
        "key": "ophiuchus",
        "value": "⛎"
      },
      {
        "key": "aries",
        "value": "♈"
      },
      {
        "key": "taurus",
        "value": "♉"
      },
      {
        "key": "gemini",
        "value": "♊"
      },
      {
        "key": "cancer",
        "value": "♋"
      },
      {
        "key": "leo",
        "value": "♌"
      },
      {
        "key": "virgo",
        "value": "♍"
      },
      {
        "key": "libra",
        "value": "♎"
      },
      {
        "key": "scorpius",
        "value": "♏"
      },
      {
        "key": "sagittarius",
        "value": "♐"
      },
      {
        "key": "capricorn",
        "value": "♑"
      },
      {
        "key": "aquarius",
        "value": "♒"
      },
      {
        "key": "pisces",
        "value": "♓"
      },
      {
        "key": "squared_id",
        "value": "🆔"
      },
      {
        "key": "atom_symbol",
        "value": "⚛"
      },
      {
        "key": "squared_cjk_unified_ideograph_7a7a",
        "value": "🈳"
      },
      {
        "key": "squared_cjk_unified_ideograph_5272",
        "value": "🈹"
      },
      {
        "key": "radioactive_sign",
        "value": "☢"
      },
      {
        "key": "biohazard_sign",
        "value": "☣"
      },
      {
        "key": "mobile_phone_off",
        "value": "📴"
      },
      {
        "key": "vibration_mode",
        "value": "📳"
      },
      {
        "key": "squared_cjk_unified_ideograph_6709",
        "value": "🈶"
      },
      {
        "key": "squared_cjk_unified_ideograph_7121",
        "value": "🈚"
      },
      {
        "key": "squared_cjk_unified_ideograph_7533",
        "value": "🈸"
      },
      {
        "key": "squared_cjk_unified_ideograph_55b6",
        "value": "🈺"
      },
      {
        "key": "squared_cjk_unified_ideograph_6708",
        "value": "🈷"
      },
      {
        "key": "eight_pointed_black_star",
        "value": "✴"
      },
      {
        "key": "squared_vs",
        "value": "🆚"
      },
      {
        "key": "circled_ideograph_accept",
        "value": "🉑"
      },
      {
        "key": "white_flower",
        "value": "💮"
      },
      {
        "key": "circled_ideograph_advantage",
        "value": "🉐"
      },
      {
        "key": "circled_ideograph_secret",
        "value": "㊙"
      },
      {
        "key": "circled_ideograph_congratulation",
        "value": "㊗"
      },
      {
        "key": "squared_cjk_unified_ideograph_5408",
        "value": "🈴"
      },
      {
        "key": "squared_cjk_unified_ideograph_6e80",
        "value": "🈵"
      },
      {
        "key": "squared_cjk_unified_ideograph_7981",
        "value": "🈲"
      },
      {
        "key": "negative_squared_latin_capital_letter_a",
        "value": "🅰"
      },
      {
        "key": "negative_squared_latin_capital_letter_b",
        "value": "🅱"
      },
      {
        "key": "negative_squared_ab",
        "value": "🆎"
      },
      {
        "key": "squared_cl",
        "value": "🆑"
      },
      {
        "key": "negative_squared_latin_capital_letter_o",
        "value": "🅾"
      },
      {
        "key": "squared_sos",
        "value": "🆘"
      },
      {
        "key": "no_entry",
        "value": "⛔"
      },
      {
        "key": "name_badge",
        "value": "📛"
      },
      {
        "key": "no_entry_sign",
        "value": "🚫"
      },
      {
        "key": "cross_mark",
        "value": "❌"
      },
      {
        "key": "heavy_large_circle",
        "value": "⭕"
      },
      {
        "key": "anger_symbol",
        "value": "💢"
      },
      {
        "key": "hot_springs",
        "value": "♨"
      },
      {
        "key": "no_pedestrians",
        "value": "🚷"
      },
      {
        "key": "do_not_litter_symbol",
        "value": "🚯"
      },
      {
        "key": "no_bi_cycles",
        "value": "🚳"
      },
      {
        "key": "non_potable_water_symbol",
        "value": "🚱"
      },
      {
        "key": "no_one_under_eighteen_symbol",
        "value": "🔞"
      },
      {
        "key": "no_mobile_phones",
        "value": "📵"
      },
      {
        "key": "heavy_exclamation_mark_symbol",
        "value": "❗"
      },
      {
        "key": "white_exclamation_mark_ornament",
        "value": "❕"
      },
      {
        "key": "black_question_mark_ornament",
        "value": "❓"
      },
      {
        "key": "white_question_mark_ornament",
        "value": "❔"
      },
      {
        "key": "double_exclamation_mark",
        "value": "‼"
      },
      {
        "key": "exclamation_question_mark",
        "value": "⁉"
      },
      {
        "key": "hundred_points_symbol",
        "value": "💯"
      },
      {
        "key": "low_brightness_symbol",
        "value": "🔅"
      },
      {
        "key": "high_brightness_symbol",
        "value": "🔆"
      },
      {
        "key": "trident_emblem",
        "value": "🔱"
      },
      {
        "key": "fleur_de_lis",
        "value": "⚜"
      },
      {
        "key": "part_alternation_mark",
        "value": "〽"
      },
      {
        "key": "warning_sign",
        "value": "⚠"
      },
      {
        "key": "children_crossing",
        "value": "🚸"
      },
      {
        "key": "japanese_symbol_for_beginner",
        "value": "🔰"
      },
      {
        "key": "black_universal_recycling_symbol",
        "value": "♻"
      },
      {
        "key": "squared_cjk_unified_ideograph_6307",
        "value": "🈯"
      },
      {
        "key": "chart_with_upwards_trend_and_yen_sign",
        "value": "💹"
      },
      {
        "key": "sparkle",
        "value": "❇"
      },
      {
        "key": "eight_spoked_asterisk",
        "value": "✳"
      },
      {
        "key": "negative_squared_crossmark",
        "value": "❎"
      },
      {
        "key": "white_heavy_checkmark",
        "value": "✅"
      },
      {
        "key": "diamond_shape_with_a_dot_inside",
        "value": "💠"
      },
      {
        "key": "cyclone",
        "value": "🌀"
      },
      {
        "key": "double_curly_loop",
        "value": "➿"
      },
      {
        "key": "globe_with_meridians",
        "value": "🌐"
      },
      {
        "key": "circled_latin_capital_letter_m",
        "value": "ⓜ"
      },
      {
        "key": "automated_teller_machine",
        "value": "🏧"
      },
      {
        "key": "squared_katakanasa",
        "value": "🈂"
      },
      {
        "key": "passport_control",
        "value": "🛂"
      },
      {
        "key": "customs",
        "value": "🛃"
      },
      {
        "key": "baggage_claim",
        "value": "🛄"
      },
      {
        "key": "left_luggage",
        "value": "🛅"
      },
      {
        "key": "wheel_chair_symbol",
        "value": "♿"
      },
      {
        "key": "no_smoking_symbol",
        "value": "🚭"
      },
      {
        "key": "water_closet",
        "value": "🚾"
      },
      {
        "key": "negative_squared_letter_p",
        "value": "🅿"
      },
      {
        "key": "potable_water_symbol",
        "value": "🚰"
      },
      {
        "key": "mens_symbol",
        "value": "🚹"
      },
      {
        "key": "womens_symbol",
        "value": "🚺"
      },
      {
        "key": "baby_symbol",
        "value": "🚼"
      },
      {
        "key": "restroom",
        "value": "🚻"
      },
      {
        "key": "put_litter_in_its_place",
        "value": "🚮"
      },
      {
        "key": "cinema",
        "value": "🎦"
      },
      {
        "key": "antenna_with_bars",
        "value": "📶"
      },
      {
        "key": "squared_katakana_koko",
        "value": "🈁"
      },
      {
        "key": "squared_ng",
        "value": "🆖"
      },
      {
        "key": "squared_ok",
        "value": "🆗"
      },
      {
        "key": "squared_exclamation_mark",
        "value": "🆙"
      },
      {
        "key": "squared_cool",
        "value": "🆒"
      },
      {
        "key": "squared_new",
        "value": "🆕"
      },
      {
        "key": "squared_free",
        "value": "🆓"
      },
      {
        "key": "keycap_digit_zero",
        "value": "0⃣"
      },
      {
        "key": "keycap_digit_one",
        "value": "1⃣"
      },
      {
        "key": "keycap_digit_two",
        "value": "2⃣"
      },
      {
        "key": "keycap_digit_three",
        "value": "3⃣"
      },
      {
        "key": "keycap_digit_four",
        "value": "4⃣"
      },
      {
        "key": "keycap_digit_five",
        "value": "5⃣"
      },
      {
        "key": "keycap_digit_six",
        "value": "6⃣"
      },
      {
        "key": "keycap_digit_seven",
        "value": "7⃣"
      },
      {
        "key": "keycap_digit_eight",
        "value": "8⃣"
      },
      {
        "key": "keycap_digit_nine",
        "value": "9⃣"
      },
      {
        "key": "keycap_ten",
        "value": "🔟"
      },
      {
        "key": "input_symbol_for_numbers",
        "value": "🔢"
      },
      {
        "key": "black_right_pointing_triangle",
        "value": "▶"
      },
      {
        "key": "double_vertical_bar",
        "value": "⏸"
      },
      {
        "key": "blk_rgt_point_triangle_dbl_vertical_bar",
        "value": "⏯"
      },
      {
        "key": "black_square_for_stop",
        "value": "⏹"
      },
      {
        "key": "black_circle_for_record",
        "value": "⏺"
      },
      {
        "key": "blk_rgt_point_dbl_triangle_vertical_bar",
        "value": "⏭"
      },
      {
        "key": "blk_lft_point_dbl_triangle_vertical_bar",
        "value": "⏮"
      },
      {
        "key": "blk_rgt_point_dbl_triangle",
        "value": "⏩"
      },
      {
        "key": "blk_lft_point_dbl_triangle",
        "value": "⏪"
      },
      {
        "key": "twisted_rightwards_arrows",
        "value": "🔀"
      },
      {
        "key": "cwise_rgt_lft_open_circle_arrow",
        "value": "🔁"
      },
      {
        "key": "cwise_rgt_lft_open_circle_arrow_overlay",
        "value": "🔂"
      },
      {
        "key": "blk_lft_point_triangle",
        "value": "◀"
      },
      {
        "key": "up_point_small_red_triangle",
        "value": "🔼"
      },
      {
        "key": "down_point_small_red_triangle",
        "value": "🔽"
      },
      {
        "key": "blk_up_point_double_triangle",
        "value": "⏫"
      },
      {
        "key": "blk_down_point_double_triangle",
        "value": "⏬"
      },
      {
        "key": "black_rightwards_arrow",
        "value": "➡"
      },
      {
        "key": "leftwards_black_arrow",
        "value": "⬅"
      },
      {
        "key": "upwards_black_arrow",
        "value": "⬆"
      },
      {
        "key": "downwards_black_arrow",
        "value": "⬇"
      },
      {
        "key": "northeast_arrow",
        "value": "↗"
      },
      {
        "key": "southeast_arrow",
        "value": "↘"
      },
      {
        "key": "south_west_arrow",
        "value": "↙"
      },
      {
        "key": "north_west_arrow",
        "value": "↖"
      },
      {
        "key": "up_down_arrow",
        "value": "↕"
      },
      {
        "key": "left_right_arrow",
        "value": "↔"
      },
      {
        "key": "acwise_down_up_open_circle_arrow",
        "value": "🔄"
      },
      {
        "key": "rightwards_arrow_with_hook",
        "value": "↪"
      },
      {
        "key": "leftwards_arrow_with_hook",
        "value": "↩"
      },
      {
        "key": "arrow_point_rgt_then_curving_up",
        "value": "⤴"
      },
      {
        "key": "arrow_point_rgt_then_curving_down",
        "value": "⤵"
      },
      {
        "key": "keycap_number_sign",
        "value": "#⃣"
      },
      {
        "key": "keycap_asterisk",
        "value": "*⃣"
      },
      {
        "key": "information_source",
        "value": "ℹ"
      },
      {
        "key": "input_symbol_for_latin_letters",
        "value": "🔤"
      },
      {
        "key": "input_symbol_latin_small_letters",
        "value": "🔡"
      },
      {
        "key": "input_symbol_latin_capital_letters",
        "value": "🔠"
      },
      {
        "key": "input_symbol_symbols",
        "value": "🔣"
      },
      {
        "key": "musical_note",
        "value": "🎵"
      },
      {
        "key": "multiple_musical_notes",
        "value": "🎶"
      },
      {
        "key": "wavy_dash",
        "value": "〰"
      },
      {
        "key": "curly_loop",
        "value": "➰"
      },
      {
        "key": "heavy_check_mark",
        "value": "✔"
      },
      {
        "key": "cwise_down_up_open_circle_arrows",
        "value": "🔃"
      },
      {
        "key": "heavy_plus_sign",
        "value": "➕"
      },
      {
        "key": "heavy_minus_sign",
        "value": "➖"
      },
      {
        "key": "heavy_division_sign",
        "value": "➗"
      },
      {
        "key": "heavy_multiplication_x",
        "value": "✖"
      },
      {
        "key": "heavy_dollar_sign",
        "value": "💲"
      },
      {
        "key": "currency_exchange",
        "value": "💱"
      },
      {
        "key": "copyright_sign",
        "value": "©"
      },
      {
        "key": "registered_sign",
        "value": "®"
      },
      {
        "key": "trademark_sign",
        "value": "™"
      },
      {
        "key": "end_with_lft_arrow_above",
        "value": "🔚"
      },
      {
        "key": "back_with_lft_arrow_above",
        "value": "🔙"
      },
      {
        "key": "on_exclamation_lft_rgt_arrow",
        "value": "🔛"
      },
      {
        "key": "top_with_up_arrow_above",
        "value": "🔝"
      },
      {
        "key": "soon_right_arrow_above",
        "value": "🔜"
      },
      {
        "key": "ballot_box_with_check",
        "value": "☑"
      },
      {
        "key": "radio_button",
        "value": "🔘"
      },
      {
        "key": "medium_white_circle",
        "value": "⚪"
      },
      {
        "key": "medium_black_circle",
        "value": "⚫"
      },
      {
        "key": "large_red_circle",
        "value": "🔴"
      },
      {
        "key": "large_blue_circle",
        "value": "🔵"
      },
      {
        "key": "small_orange_diamond",
        "value": "🔸"
      },
      {
        "key": "small_blue_diamond",
        "value": "🔹"
      },
      {
        "key": "large_orange_diamond",
        "value": "🔶"
      },
      {
        "key": "large_blue_diamond",
        "value": "🔷"
      },
      {
        "key": "up_point_red_triangle",
        "value": "🔺"
      },
      {
        "key": "black_small_square",
        "value": "▪"
      },
      {
        "key": "white_small_square",
        "value": "▫"
      },
      {
        "key": "black_large_square",
        "value": "⬛"
      },
      {
        "key": "white_large_square",
        "value": "⬜"
      },
      {
        "key": "down_point_red_triangle",
        "value": "🔻"
      },
      {
        "key": "black_medium_square",
        "value": "◼"
      },
      {
        "key": "white_medium_square",
        "value": "◻"
      },
      {
        "key": "black_medium_small_square",
        "value": "◾"
      },
      {
        "key": "white_medium_small_square",
        "value": "◽"
      },
      {
        "key": "black_square_button",
        "value": "🔲"
      },
      {
        "key": "white_square_button",
        "value": "🔳"
      },
      {
        "key": "speaker",
        "value": "🔈"
      },
      {
        "key": "speaker_one_sound_wave",
        "value": "🔉"
      },
      {
        "key": "speaker_three_sound_waves",
        "value": "🔊"
      },
      {
        "key": "speaker_cancellation_stroke",
        "value": "🔇"
      },
      {
        "key": "cheering_megaphone",
        "value": "📣"
      },
      {
        "key": "public_address_loudspeaker",
        "value": "📢"
      },
      {
        "key": "bell",
        "value": "🔔"
      },
      {
        "key": "bell_with_cancellation_stroke",
        "value": "🔕"
      },
      {
        "key": "playing_card_black_joker",
        "value": "🃏"
      },
      {
        "key": "mahjong_tile_red_dragon",
        "value": "🀄"
      },
      {
        "key": "black_spade_suit",
        "value": "♠"
      },
      {
        "key": "black_club_suit",
        "value": "♣"
      },
      {
        "key": "black_heart_suit",
        "value": "♥"
      },
      {
        "key": "black_diamond_suit",
        "value": "♦"
      },
      {
        "key": "flower_playing_cards",
        "value": "🎴"
      },
      {
        "key": "eye_in_speech_bubble",
        "value": "👁‍🗨"
      },
      {
        "key": "thought_balloon",
        "value": "💭"
      },
      {
        "key": "right_anger_bubble",
        "value": "🗯"
      },
      {
        "key": "speech_balloon",
        "value": "💬"
      },
      {
        "key": "clock_face_one_o_clock",
        "value": "🕐"
      },
      {
        "key": "clock_face_two_o_clock",
        "value": "🕑"
      },
      {
        "key": "clock_face_three_o_clock",
        "value": "🕒"
      },
      {
        "key": "clock_face_four_o_clock",
        "value": "🕓"
      },
      {
        "key": "clock_face_five_o_clock",
        "value": "🕔"
      },
      {
        "key": "clock_face_six_o_clock",
        "value": "🕕"
      },
      {
        "key": "clock_face_seven_o_clock",
        "value": "🕖"
      },
      {
        "key": "clock_face_eight_o_clock",
        "value": "🕗"
      },
      {
        "key": "clock_face_nine_o_clock",
        "value": "🕘"
      },
      {
        "key": "clock_face_ten_o_clock",
        "value": "🕙"
      },
      {
        "key": "clock_face_eleven_o_clock",
        "value": "🕚"
      },
      {
        "key": "clock_face_twelve_o_clock",
        "value": "🕛"
      },
      {
        "key": "clock_face_one_thirty",
        "value": "🕜"
      },
      {
        "key": "clock_face_two_thirty",
        "value": "🕝"
      },
      {
        "key": "clock_face_three_thirty",
        "value": "🕞"
      },
      {
        "key": "clock_face_four_thirty",
        "value": "🕟"
      },
      {
        "key": "clock_face_five_thirty",
        "value": "🕠"
      },
      {
        "key": "clock_face_six_thirty",
        "value": "🕡"
      },
      {
        "key": "clock_face_seven_thirty",
        "value": "🕢"
      },
      {
        "key": "clock_face_eight_thirty",
        "value": "🕣"
      },
      {
        "key": "clock_face_nine_thirty",
        "value": "🕤"
      },
      {
        "key": "clock_face_ten_thirty",
        "value": "🕥"
      },
      {
        "key": "clock_face_eleven_thirty",
        "value": "🕦"
      },
      {
        "key": "clock_face_twelve_thirty",
        "value": "🕧"
      }
    ]
  }
}