{
  "travels": {
    "travel": [
      {
        "key": "automobile",
        "value": "🚗"
      },
      {
        "key": "taxi",
        "value": "🚕"
      },
      {
        "key": "recreational_vehicle",
        "value": "🚙"
      },
      {
        "key": "bus",
        "value": "🚌"
      },
      {
        "key": "trolley_bus",
        "value": "🚎"
      },
      {
        "key": "racing_car",
        "value": "🏎"
      },
      {
        "key": "police_car",
        "value": "🚓"
      },
      {
        "key": "ambulance",
        "value": "🚑"
      },
      {
        "key": "fire_engine",
        "value": "🚒"
      },
      {
        "key": "minibus",
        "value": "🚐"
      },
      {
        "key": "delivery_truck",
        "value": "🚚"
      },
      {
        "key": "articulated_lorry",
        "value": "🚛"
      },
      {
        "key": "tractor",
        "value": "🚜"
      },
      {
        "key": "racing_motorcycle",
        "value": "🏍"
      },
      {
        "key": "bicycle",
        "value": "🚲"
      },
      {
        "key": "police_light",
        "value": "🚨"
      },
      {
        "key": "on_coming_police_car",
        "value": "🚔"
      },
      {
        "key": "on_coming_bus",
        "value": "🚍"
      },
      {
        "key": "on_coming_automobile",
        "value": "🚘"
      },
      {
        "key": "on_coming_taxi",
        "value": "🚖"
      },
      {
        "key": "aerial_tramway",
        "value": "🚡"
      },
      {
        "key": "mountain_cableway",
        "value": "🚠"
      },
      {
        "key": "suspension_railway",
        "value": "🚟"
      },
      {
        "key": "railway_car",
        "value": "🚃"
      },
      {
        "key": "tramcar",
        "value": "🚋"
      },
      {
        "key": "monorail",
        "value": "🚝"
      },
      {
        "key": "high_speed_train",
        "value": "🚄"
      },
      {
        "key": "high_speed_train_bullet_nose",
        "value": "🚅"
      },
      {
        "key": "light_rail",
        "value": "🚈"
      },
      {
        "key": "mountain_railway",
        "value": "🚞"
      },
      {
        "key": "steam_locomotive",
        "value": "🚂"
      },
      {
        "key": "train",
        "value": "🚆"
      },
      {
        "key": "metro",
        "value": "🚇"
      },
      {
        "key": "tram",
        "value": "🚊"
      },
      {
        "key": "station",
        "value": "🚉"
      },
      {
        "key": "helicopter",
        "value": "🚁"
      },
      {
        "key": "small_airplane",
        "value": "🛩"
      },
      {
        "key": "airplane",
        "value": "✈"
      },
      {
        "key": "airplane_departure",
        "value": "🛫"
      },
      {
        "key": "airplane_arriving",
        "value": "🛬"
      },
      {
        "key": "sailbot",
        "value": "⛵"
      },
      {
        "key": "motorboat",
        "value": "🛥"
      },
      {
        "key": "speedboat",
        "value": "🚤"
      },
      {
        "key": "ferry",
        "value": "⛴"
      },
      {
        "key": "passenger_ship",
        "value": "🛳"
      },
      {
        "key": "rocket",
        "value": "🚀"
      },
      {
        "key": "satellite",
        "value": "🛰"
      },
      {
        "key": "seat",
        "value": "💺"
      },
      {
        "key": "anchor",
        "value": "⚓"
      },
      {
        "key": "construction_sign",
        "value": "🚧"
      },
      {
        "key": "fuel_pump",
        "value": "⛽"
      },
      {
        "key": "bus_stop",
        "value": "🚏"
      },
      {
        "key": "vertical_traffic_light",
        "value": "🚦"
      },
      {
        "key": "horizontal_traffic_light",
        "value": "🚥"
      },
      {
        "key": "chequered_flag",
        "value": "🏁"
      },
      {
        "key": "ship",
        "value": "🚢"
      },
      {
        "key": "ferris_wheel",
        "value": "🎡"
      },
      {
        "key": "roller_coaster",
        "value": "🎢"
      },
      {
        "key": "carousel_horse",
        "value": "🎠"
      },
      {
        "key": "building_construction",
        "value": "🏗"
      },
      {
        "key": "foggy",
        "value": "🌁"
      },
      {
        "key": "tokyo_tower",
        "value": "🗼"
      },
      {
        "key": "factory",
        "value": "🏭"
      },
      {
        "key": "fountain",
        "value": "⛲"
      },
      {
        "key": "moon_viewing_ceremony",
        "value": "🎑"
      },
      {
        "key": "mountain",
        "value": "⛰"
      },
      {
        "key": "snow_capped_mountain",
        "value": "🏔"
      },
      {
        "key": "mount_fuji",
        "value": "🗻"
      },
      {
        "key": "volcano",
        "value": "🌋"
      },
      {
        "key": "silhouette_of_japan",
        "value": "🗾"
      },
      {
        "key": "camping",
        "value": "🏕"
      },
      {
        "key": "tent",
        "value": "⛺"
      },
      {
        "key": "national_park",
        "value": "🏞"
      },
      {
        "key": "motorway",
        "value": "🛣"
      },
      {
        "key": "railway_track",
        "value": "🛤"
      },
      {
        "key": "sunrise",
        "value": "🌅"
      },
      {
        "key": "sunrise_over_mountain",
        "value": "🌄"
      },
      {
        "key": "desert",
        "value": "🏜"
      },
      {
        "key": "beach_with_umbrella",
        "value": "🏖"
      },
      {
        "key": "desert_island",
        "value": "🏝"
      },
      {
        "key": "sunset_over_buildings",
        "value": "🌇"
      },
      {
        "key": "city_scape_at_dusk",
        "value": "🌆"
      },
      {
        "key": "city_scape",
        "value": "🏙"
      },
      {
        "key": "night_with_stars",
        "value": "🌃"
      },
      {
        "key": "bridge_at_night",
        "value": "🌉"
      },
      {
        "key": "milky_way",
        "value": "🌌"
      },
      {
        "key": "shooting_star",
        "value": "🌠"
      },
      {
        "key": "fire_work_sparkler",
        "value": "🎇"
      },
      {
        "key": "fireworks",
        "value": "🎆"
      },
      {
        "key": "rainbow",
        "value": "🌈"
      },
      {
        "key": "house_buildings",
        "value": "🏘"
      },
      {
        "key": "european_castle",
        "value": "🏰"
      },
      {
        "key": "japanese_castle",
        "value": "🏯"
      },
      {
        "key": "stadium",
        "value": "🏟"
      },
      {
        "key": "statue_of_liberty",
        "value": "🗽"
      },
      {
        "key": "house_building",
        "value": "🏠"
      },
      {
        "key": "house_with_garden",
        "value": "🏡"
      },
      {
        "key": "derelict_house_building",
        "value": "🏚"
      },
      {
        "key": "office_building",
        "value": "🏢"
      },
      {
        "key": "department_store",
        "value": "🏬"
      },
      {
        "key": "japanese_post_office",
        "value": "🏣"
      },
      {
        "key": "european_post_office",
        "value": "🏤"
      },
      {
        "key": "hospital",
        "value": "🏥"
      },
      {
        "key": "bank",
        "value": "🏦"
      },
      {
        "key": "hotel",
        "value": "🏨"
      },
      {
        "key": "convenience_store",
        "value": "🏪"
      },
      {
        "key": "school",
        "value": "🏫"
      },
      {
        "key": "love_hotel",
        "value": "🏩"
      },
      {
        "key": "wedding",
        "value": "💒"
      },
      {
        "key": "classical_building",
        "value": "🏛"
      },
      {
        "key": "church",
        "value": "⛪"
      },
      {
        "key": "mosque",
        "value": "🕌"
      },
      {
        "key": "synagogue",
        "value": "🕍"
      },
      {
        "key": "kaaba",
        "value": "🕋"
      },
      {
        "key": "shinto_shrine",
        "value": "⛩"
      }
    ]
  }
}